"","times","scores"
"1",0,7718.51002563581
"2",2,1332.85655178406
"3",4,168.930304575885
"4",6,184.345972748472
"5",8,95.7140353721292
