"","times","scores"
"1",0,577.933256000717
"2",2,535.857560087413
"3",4,744.829365515208
"4",6,394.910399729851
"5",8,443.261450399778
