"","times","scores"
"1",0,560.663099012084
"2",2,351.937099984911
"3",4,666.653903874102
"4",6,760.254286098026
"5",8,598.065450371088
