"","times","scores"
"1",0,763.628342129936
"2",2,724.468579413272
"3",4,666.182668184783
"4",6,263.561890813054
"5",8,796.50712240585
