"","times","scores"
"1",0,298.619225418393
"2",2,568.469676287899
"3",4,120.413740707606
"4",6,123.933077909056
"5",8,837.737176201594
