"","times","scores"
"1",0,407.778560915765
"2",2,213.372885172605
"3",4,232.089314672527
"4",6,112.039325493347
