"","times","scores"
"1",0,181.113619523817
"2",2,444.780167330948
"3",4,382.809704501754
"4",6,268.548277746476
"5",8,224.49280179509
