"","times","scores"
"1",0,229.282917268493
"2",2,359.937281108502
"3",4,275.651822458842
"4",6,622.38067866366
"5",8,230.083019096785
