"","times","scores"
"1",0,297.410985971616
"2",2,227.252561888352
"3",4,283.201702117465
"4",6,168.217470115973
"5",8,196.133219050042
