"","times","scores"
"1",0,378.54601867276
"2",2,471.874331847419
"3",4,211.266956461231
"4",6,205.166042719552
"5",8,348.074882467352
