"","times","scores"
"1",0,197.950630248795
"2",2,251.819012535945
"3",4,174.497379572318
"4",6,107.462213534176
"5",8,183.673266593168
