"","times","scores"
"1",0,499.926488184775
"2",2,233.068103805853
"3",4,886.863429853589
"4",6,360.582893517985
"5",8,549.291703609472
