"","times","scores"
"1",0,241.923263349348
"2",2,192.914068047216
"3",4,125.666169985892
"4",6,573.980850876986
"5",8,266.856110506232
