"","times","scores"
"1",0,281.508226484136
"2",2,333.879989264299
"3",4,346.724734973707
"4",6,131.474284403865
"5",8,115.745427206988
