"","times","scores"
"1",0,482.468962756742
"2",2,295.60318652054
"3",4,376.595415907162
"4",6,165.076255330923
"5",8,174.618341270626
