"","times","scores"
"1",0,182.81891129866
"2",2,187.484748445024
"3",4,150.568438930548
"4",6,132.022753479036
"5",8,382.372994332979
