"","times","scores"
"1",0,118.664268494769
"2",2,120.306091694719
"3",4,83.527704606504
"4",6,102.580467663344
"5",8,118.500539054371
