"","times","scores"
"1",0,171.952486496271
"2",2,320.857461113233
"3",4,175.235136411217
"4",6,213.213197549147
"5",8,229.074033618093
